,0
0,musica cristiana guatemalteca
1,piedmont blues
2,guatemalan pop
3,forro tradicional
4,cape breton folk
5,thai folk
6,uppsala indie
7,classic australian country
8,argentine reggae
9,emo punk
10,rap francais
11,traditional southern folk
12,german choir
13,forro de favela
14,soukous
15,trance
16,classical clarinet
17,future funk
18,croatian indie
19,jewish a capella
20,canadian psychedelic
21,new orleans blues
22,waiata maori
23,drum and bass
24,children's choir
25,partido alto
26,garage psych
27,sheffield indie
28,broadway
29,canto popular uruguayo
30,swedish fiddle
31,cosmic post-rock
32,volkspop
33,show tunes
34,electro
35,spanish invasion
36,scottish indie rock
37,alternative ccm
38,experimental pop
39,luk thung
40,sludge metal
41,street band
42,skate punk
43,funk rock
44,washington indie
45,uk contemporary r&b
46,son cubano clasico
47,operetta
48,quran
49,barnemusikk
50,acoustic pop
51,thai folk rock
52,victorian britain
53,sky room
54,smooth soul
55,tollywood
56,progressive doom
57,instrumental post-rock
58,samba paulista
59,ukrainian classical piano
60,classic italian folk pop
61,classic danish rock
62,norwegian prog
63,filthstep
64,norwegian rock
65,thai teen pop
66,sung poetry
67,latincore
68,miami hip hop
69,rap dominicano
70,dance pop
71,czech pop
72,punk
73,japanese heavy metal
74,anime rock
75,environmental
76,nz children's music
77,new york drill
78,thai hip hop
79,vancouver metal
80,salsa colombiana
81,jazz trombone
82,gothic black metal
83,australian americana
84,german heavy metal
85,latin pop
86,bachata dominicana
87,russian modern classical
88,modern folk rock
89,french indie pop
90,classical countertenor
91,umbanda
92,tekk
93,italian classical piano
94,opera chorus
95,power-pop punk
96,italian pop
97,villancicos
98,beatlesque
99,jazz trumpet
100,experimental ambient
101,power noise
102,vintage schlager
103,poetry
104,bossa nova cover
105,detroit rock
106,cape verdean folk
107,rock tico
108,dayton indie
109,abstract
110,shanty
111,dragspel
112,pop teen brasileiro
113,israeli rock
114,classic thai pop
115,italian reggae
116,country rock
117,latin tech house
118,viola
119,indonesian hip hop
120,hindustani classical
121,rockabilly
122,british soul
123,moldovan pop
124,symphonic black metal
125,indian jazz
126,musica popular paraense
127,garage punk
128,dfw rap
129,alternative metal
130,swedish gangsta rap
131,brazilian reggae
132,classic indonesian rock
133,afrikaans folk
134,folk rock
135,polka
136,atl trap
137,classical
138,tatar pop
139,vallenato moderno
140,classic hardstyle
141,jig and reel
142,deep regional mexican
143,rap conscient
144,anadolu rock
145,rock alternativo espanol
146,chiptune
147,boy band
148,indie cafe pop
149,hammond organ
150,lagu sunda
151,progressive trance
152,chicago punk
153,punjabi pop
154,finnish trap
155,korean dream pop
156,kavkaz
157,australian classical
158,celtic rock
159,puerto rican folk
160,milan indie
161,honky-tonk piano
162,belarusian punk
163,ccm
164,pakistani hip hop
165,christian relaxative
166,italian baritone
167,australian indie folk
168,twoubadou
169,japanese jazztronica
170,spanish folk
171,blackgaze
172,latvian rock
173,mexican indie
174,chinese idol pop
175,steel guitar
176,underground rap
177,native american contemporary
178,early avant garde
179,rhode island rap
180,sacramento hip hop
181,azeri traditional
182,afrobeat fusion
183,bassline
184,eastern bloc groove
185,canadian indie
186,dutch prog
187,indonesian alternative rock
188,death metal
189,neoclassical darkwave
190,auteur-compositeur-interprete quebecois
191,classical jazz fusion
192,rock quebecois
193,kora
194,scottish new wave
195,bebop
196,hamilton on indie
197,laboratorio
198,keroncong
199,classic cantopop
200,classic icelandic pop
201,melodic rap
202,women's music
203,modern indie pop
204,cancoes infantis
205,funky breaks
206,gaming edm
207,indonesian emo
208,danish alternative rock
209,mallet
210,coco
211,belarusian indie
212,battle rap
213,symphonic power metal
214,swedish pop
215,lilith
216,florida rap
217,uplifting trance
218,polish indie rock
219,canadian blues
220,west end
221,alternative hip hop
222,norwegian death metal
223,classic latvian pop
224,japanese power metal
225,electro bailando
226,nuevo folklore argentino
227,glam rock
228,nordic ambient
229,ryukyu ongaku
230,tejano
231,norteno
232,bluegrass gospel
233,happy hardcore
234,nueva ola peruana
235,cumbia pop
236,christian metalcore
237,bleep techno
238,wu fam
239,granada indie
240,punjabi folk
241,flamenco urbano
242,deep tropical house
243,video game music
244,nuevo tango
245,swedish soul
246,salsa venezolana
247,rumba congolaise
248,anime latino
249,musique peule
250,taiwanese indigenous
251,czech classical
252,russian gangster rap
253,j-pixie
254,harlem renaissance
255,synthesizer
256,art punk
257,forro
258,trap tuga
259,xhosa
260,khaleeji iraqi
261,hengelliset laulut
262,aussietronica
263,afro psych
264,taiwanese indie
265,disney dansk
266,brazilian groove metal
267,chinese audiophile
268,danish indie
269,andean flute
270,cowpunk
271,baton rouge rap
272,ranchera
273,rock kapak
274,swiss techno
275,japanese trap
276,funk melody
277,brazilian boogie
278,moombahton
279,balkan folk metal
280,instrumental stoner rock
281,doo-wop
282,deep uplifting trance
283,escape room
284,japanese emo
285,argentine alternative rock
286,punk chileno
287,traditional british folk
288,neue deutsche welle
289,norwegian blues
290,trap triste
291,socal pop punk
292,slovak pop
293,australian comedy
294,huayno popular
295,uk garage
296,proto-techno
297,colombian rock
298,new orleans jazz
299,neue volksmusik
300,alternative rock
301,j-metal
302,electronica
303,norwegian folk rock
304,lithuanian electronic
305,swamp blues
306,dutch disney
307,funk carioca
308,theme
309,greek drill
310,lagu jawa
311,bouzouki
312,turkish rock
313,indie soul
314,progressive power metal
315,afghan pop
316,chilena
317,german show tunes
318,french orchestra
319,south carolina metal
320,muzika l'yeladim
321,pinoy reggae
322,japanese chillhop
323,post-grunge
324,new jersey hardcore
325,jamgrass
326,eau claire indie
327,portuguese pop
328,oulu indie
329,northeast indian hip hop
330,dutch rock
331,dc hardcore
332,porro
333,classic tunisian pop
334,concert band
335,musica cabo-verdiana
336,otacore
337,burkinabe pop
338,dutch singer-songwriter
339,melodic techno
340,bagpipe marching band
341,nova musica pernambucana
342,uk doom metal
343,chinese indie
344,okinawan folk
345,groove gospel
346,ska
347,classic dubstep
348,dundee indie
349,spanish folk rock
350,goa trance
351,detroit hip hop
352,latin
353,turkish trap
354,argentine telepop
355,baltic folk
356,ballet class
357,jalsat
358,speed metal
359,post-romantic era
360,munich electronic
361,blues
362,renaissance
363,south african gospel
364,post-hardcore
365,cornetas y tambores
366,swedish alternative rock
367,bergamo indie
368,danish rock
369,musica infantil
370,nederlandse hardstyle
371,detske pisnicky
372,scorecore
373,classic hungarian rock
374,baltic choir
375,ecm-style jazz
376,indie deutschrap
377,pop electronico
378,christian power metal
379,trap boricua
380,south african choral
381,nordic folk
382,dutch jazz
383,modern blues
384,greek pop
385,gothenburg hip hop
386,guitarra portuguesa
387,punk rock mexicano
388,japanese classical performance
389,german rock
390,indian edm
391,algerian folk
392,french jazz
393,coverchill
394,italian indie pop
395,german r&b
396,shamanic
397,persian rock
398,kindermusik
399,concepcion indie
400,classical performance
401,romanian rap
402,cumbia colombiana regia
403,black sludge
404,vocal harmony group
405,japanese pop punk
406,italian folk
407,hamburg hip hop
408,australian children's music
409,croatian pop
410,samba-enredo
411,punk rock italiano
412,classical era
413,hungarian punk
414,norteno-sax
415,samba
416,contemporary vocal jazz
417,rock dominicano
418,industrial rock
419,french movie tunes
420,jazz fusion
421,melbourne bounce
422,deep disco
423,dream trance
424,salsa cristiana
425,dutch house
426,canadian country
427,deep delta blues
428,musica mocambicana
429,turkish hip hop
430,post-teen pop
431,uzbek pop
432,folk punk
433,anti-folk
434,pop nacional antigas
435,technical death metal
436,musique pour enfants
437,estonian folk
438,swedish black metal
439,mexican traditional
440,comedy rock
441,techno kayo
442,brazilian classical
443,copla
444,belgian rock
445,pop rock brasileiro
446,nueva ola chilena
447,comic metal
448,neue deutsche todeskunst
449,stride
450,brazilian soul
451,tape club
452,rock nacional
453,portland punk
454,italo house
455,flamenco
456,norwegian pop
457,torch song
458,russian folk
459,rva indie
460,slap house
461,east coast hip hop
462,music hall
463,v-pop
464,merseybeat
465,russian rave
466,final fantasy
467,venezuelan hip hop
468,honky tonk
469,cantautor
470,gujarati garba
471,german country
472,nordic contemporary classical
473,musica andina colombiana
474,french psychedelic
475,bolero
476,comic
477,salsa cubana
478,cuatro venezolano
479,musica hondurena
480,maloya
481,australian house
482,traditional country
483,polish reggae
484,tunisian pop
485,post-disco
486,deep euro house
487,barnalog
488,slovak folk
489,kizomba antigas
490,la pop
491,nz singer-songwriter
492,impressionism
493,vintage cantonese pop
494,frauenrap
495,australian pop
496,scottish indie
497,deep soft rock
498,swedish hard rock
499,compositional ambient
500,reggae cristao
501,turkish jazz
502,rap catala
503,hollywood
504,nu-cumbia
505,koligeet
506,pop costarricense
507,neo-pagan
508,polca paraguaya
509,indie game soundtrack
510,rockabilly en espanol
511,rock
512,sertanejo universitario
513,canadian choir
514,instrumental funk
515,nordic soundtrack
516,rock chapin
517,japanese instrumental
518,classic polish pop
519,norwegian pop rap
520,san diego rap
521,greek hip hop
522,santa fe indie
523,vlaamse kinderliedje
524,light music
525,alternative pop
526,vintage taiwan pop
527,country
528,belgian new wave
529,aggrotech
530,turkish alt pop
531,italian alternative
532,hungarian edm
533,cartoon
534,yacht rock
535,er ge
536,indiecoustica
537,uk82
538,romanian pop
539,ambient black metal
540,javanese dangdut
541,uk experimental electronic
542,new wave pop
543,jazz accordion
544,tecnobanda
545,japanese electropop
546,spiritual jazz
547,estonian pop
548,pittsburgh rap
549,australian electropop
550,norwegian singer-songwriter
551,irish country
552,balearic
553,polish rock
554,abstract hip hop
555,midwest emo
556,chinese hip hop
557,australian hip hop
558,italian jazz
559,kurdish pop
560,jug band
561,musica juiz-forana
562,mariachi
563,alternative country
564,korean instrumental
565,jazz saxophone
566,rock en espanol
567,german hip hop
568,oyun havasi
569,dreamo
570,musica occitana
571,singaporean pop
572,spanish synthpop
573,guitarra argentina
574,perth indie
575,indonesian worship
576,suomi rock
577,levenslied
578,portuguese indie rock
579,dansktop
580,dalarna indie
581,orchestra
582,diva house
583,bass trap
584,nursery
585,opm
586,finnish doom metal
587,classic venezuelan pop
588,finnish indie
589,greek swing
590,czech indie
591,hokkien pop
592,classic schlager
593,south african alternative
594,japanese underground rap
595,polish hip hop
596,pinoy praise
597,chillstep
598,dakke dak
599,rare groove
600,trancecore
601,j-acoustic
602,musica tradicional cubana
603,nepali pop
604,russian post-punk
605,technical black metal
606,hip pop
607,belly dance
608,neo r&b
609,afrikaans
610,free jazz
611,trap catala
612,old-time
613,musica costarricense
614,indie jazz
615,american orchestra
616,latin jazz
617,classify
618,italian soprano
619,fourth world
620,dutch cabaret
621,indonesian metal
622,dub techno
623,chamber orchestra
624,ukrainian classical
625,australian dance
626,rock brasiliense
627,pop peruano
628,rap nacional antigo
629,orebro indie
630,cumbia andina mexicana
631,kayokyoku
632,musica popular amazonense
633,vbs
634,asbury park indie
635,jazz rap
636,swiss metal
637,disney horspiele
638,russian emo rap
639,bandoneon
640,progressive rock
641,alternative r&b
642,japanese alternative rock
643,caucasian classical
644,rock nacional brasileiro
645,deep latin christian
646,danish metal
647,chinese minyao
648,jazz harp
649,indonesian rock
650,canadian punk
651,social media pop
652,bass music
653,south african country
654,lds
655,urbano espanol
656,cajun
657,chant basque
658,indie triste
659,uruguayan indie
660,oi
661,swing italiano
662,christelijk
663,industrial metal
664,huayno
665,trova mexicana
666,irish electronic
667,classic danish pop
668,british invasion
669,jazz guitar
670,french indie folk
671,progressive bluegrass
672,dominican pop
673,swedish death metal
674,brazilian jazz
675,belo horizonte indie
676,swedish americana
677,vaikiskos dainos
678,classic turkish pop
679,haitian gospel
680,manso indie
681,symphonic rock
682,heavy alternative
683,stomp and holler
684,poezja spiewana
685,breakbeat
686,rap criolo
687,dutch edm
688,hula
689,muziek voor kinderen
690,german alternative rap
691,phonk
692,czsk hip hop
693,russian orchestra
694,spytrack
695,israeli trap
696,polish pop
697,canadian celtic
698,banjo
699,trap chileno
700,kleine hoerspiel
701,salay
702,russian trap
703,vapor trap
704,german punk
705,malaysian indie
706,classic russian pop
707,norwegian alternative rock
708,turkce remix
709,swedish jazz
710,indian percussion
711,spanish folk metal
712,k-rock
713,belgian dance
714,belgian pop
715,instrumental rock
716,slavic metal
717,slack-key guitar
718,reggae fusion
719,university choir
720,vapor twitch
721,irish dance
722,portuguese folk
723,belgian blues
724,audiophile vocal
725,oktoberfest
726,swamp rock
727,chopped and screwed
728,early romantic era
729,banda caliente
730,jazz violin
731,barnasogur
732,texas pop punk
733,flamenco guitar
734,montenegrin pop
735,rap maromba
736,balkan brass
737,political hip hop
738,conscious hip hop
739,pops orchestra
740,desi hip hop
741,free improvisation
742,philly indie
743,kritika
744,musica de intervencao
745,pop soul
746,rap espanol
747,french techno
748,british dance band
749,latvian pop
750,nz indie
751,disney
752,german jazz
753,brazilian indie
754,spanish punk
755,old school dancehall
756,french soundtrack
757,volksmusik
758,drumfunk
759,grave wave
760,carnaval cadiz
761,darksynth
762,lo-fi beats
763,psychedelic rock
764,rap abc paulista
765,early us punk
766,neurofunk
767,fidget house
768,singaporean singer-songwriter
769,parody
770,collage pop
771,classic country pop
772,detske pesnicky
773,deep indie rock
774,r&b brasileiro
775,polish post-punk
776,finnish punk
777,brazilian percussion
778,israeli classical
779,italian opera
780,oriental metal
781,spirituals
782,horrorcore
783,polynesian hip hop
784,modern reggae
785,college a cappella
786,contemporary classical
787,west coast trap
788,indonesian ska
789,dutch blues
790,rap sardegna
791,australian reggae fusion
792,german indie
793,colombian hip hop
794,gochiusa
795,indie r&b
796,cumbia boliviana
797,modern bollywood
798,folclore salteno
799,kyushu indie
800,rock urbano mexicano
801,hard rock brasileiro
802,italian techno
803,minneapolis sound
804,turkce drill
805,grupera
806,punta rock
807,indie punk
808,contemporary country
809,barockinterpreten
810,souldies
811,uk pop
812,norwegian folk
813,alternative roots rock
814,native american
815,cabaret
816,mollywood
817,reggaeton flow
818,samba-jazz
819,modern country rock
820,russian jazz
821,chillwave
822,barnsagor
823,musica istmena
824,liquid funk
825,plena uruguaya
826,choro
827,rave
828,luxembourgian indie
829,symphonic metal
830,elephant 6
831,neo-rockabilly
832,dutch r&b
833,dubstep
834,deep ragga
835,swedish punk
836,desert blues
837,italian punk
838,ghazal
839,czech hip hop
840,pop flamenco
841,baroque pop
842,rap feminino nacional
843,dark hardcore
844,folklore venezolano
845,italian mezzo-soprano
846,norwegian classical
847,polish prog
848,haryanvi pop
849,british comedy
850,english indie rock
851,basque folk
852,streichquartett
853,pinoy traditional
854,memphis blues
855,australian country
856,bardcore
857,mainland chinese pop
858,dunedin indie
859,russian dance
860,bluegrass
861,meme rap
862,carimbo
863,combos nacionales
864,rennes indie
865,australian indie
866,pop argentino
867,polyphonies corses
868,chicago rap
869,rap marseille
870,radio symphony
871,norwegian metal
872,vispop
873,korean punk
874,r&b
875,kirtan
876,glam punk
877,south african rock
878,post-punk
879,indie rock mexicano
880,brostep
881,baltic classical
882,hip hop
883,praise
884,canadian electropop
885,k-pop
886,early synthpop
887,deep big room
888,karadeniz turkuleri
889,irish rebel song
890,louisville indie
891,classic finnish pop
892,prog quebec
893,rock independant francais
894,bouncy house
895,nz reggae
896,persian alternative
897,fingerstyle
898,rock catala
899,harpsichord
900,taiwan campus folk
901,soviet synthpop
902,zhongguo feng
903,cumbia peruana
904,trap venezolano
905,galante era
906,hardcore hip hop
907,carnatic
908,charanga
909,fijian pop
910,vintage french electronic
911,manguebeat
912,power pop
913,kentucky indie
914,melodic dubstep
915,historic piano performance
916,uk dancehall
917,thai indie pop
918,sefardi
919,italian trance
920,old school hard trance
921,drift
922,heartland rock
923,semba
924,magyar alternative
925,afrikaans gospel
926,classic opm
927,lo-fi emo
928,pop rock
929,louvor icm
930,disney espanol
931,croatian rock
932,asian american hip hop
933,pop emo
934,edm
935,harmonikka
936,tamaulipas indie
937,sevillanas
938,latin classical
939,japanese dance pop
940,witch house
941,new romantic
942,ukrainian pop
943,c86
944,military band
945,albanian pop
946,cumbia salvadorena
947,british indie rock
948,ukrainian indie
949,marathi traditional
950,japanese new wave
951,irish pub song
952,gabba
953,drone metal
954,polish alternative rock
955,corridos tumbados
956,israeli classical piano
957,boom bap brasileiro
958,modern funk
959,czsk reggae
960,classic luk thung
961,italian violin
962,spanish post-punk
963,russian ccm
964,musica maranhense
965,buffalo ny metal
966,hoerspiel
967,historic orchestral performance
968,covertrance
969,martial industrial
970,acid rock
971,southern soul blues
972,nederpop
973,deep german indie
974,japanese teen pop
975,turkish pop
976,japanese soundtrack
977,tecnobrega
978,nepali indie
979,comedia
980,corsican folk
981,kundiman
982,vintage hollywood
983,korean r&b
984,ballroom
985,triangle indie
986,magyar trap
987,liedermacher
988,british folk
989,classic hungarian pop
990,blasmusik
991,khaliji
992,catalan folk
993,ontario indie
994,swedish drill
995,string quartet
996,indonesian reggae
997,stoner rock
998,jazztronica
999,new orleans funk
1000,freakbeat
1001,virginia hip hop
1002,cuarteto
1003,boogaloo
1004,quebec punk
1005,spanish hip hop
1006,danish pop
1007,visor
1008,swiss indie folk
1009,deep tech house
1010,ambient
1011,pop r&b
1012,folk rock italiano
1013,russian hip hop
1014,portuguese indie
1015,neo-synthpop
1016,german tech house
1017,pop urbaine
1018,afrofuturism
1019,reggae
1020,japanese concert band
1021,denpa-kei
1022,tex-mex
1023,marathi devotional
1024,pagode
1025,swedish indie pop
1026,german metal
1027,eurobeat
1028,new beat
1029,american post-rock
1030,bedroom soul
1031,country gospel
1032,minimal melodic techno
1033,roots rock
1034,canadian contemporary r&b
1035,children's folk
1036,moog
1037,reading
1038,french folk
1039,corrosion
1040,barbadian pop
1041,classic nepali pop
1042,british choir
1043,peruvian punk
1044,sertanejo tradicional
1045,ska punk
1046,russian alternative rock
1047,swedish electropop
1048,new wave of thrash metal
1049,psychedelic blues-rock
1050,korean electropop
1051,classic iskelma
1052,canadian metal
1053,hungarian classical piano
1054,gyerekdalok
1055,brazilian metal
1056,rock piauiense
1057,psicodelia brasileira
1058,neo mellow
1059,russian ska
1060,indonesian punk
1061,ghanaian hip hop
1062,m√∫sica pitiusa
1063,cueca chilena
1064,korean indie rock
1065,bronx hip hop
1066,fo jing
1067,finnish hip hop
1068,minimal wave
1069,thai trap
1070,motown
1071,moroccan pop
1072,deep new wave
1073,classic bulgarian pop
1074,rap kreyol
1075,oceania soundtrack
1076,classic israeli pop
1077,jazz double bass
1078,candy pop
1079,oxford indie
1080,ukrainian rock
1081,italian progressive rock
1082,japanese metalcore
1083,lgbtq+ hip hop
1084,modern rock
1085,metal
1086,wassoulou
1087,punk euskera
1088,dirty south rap
1089,czech punk
1090,french folk pop
1091,german literature
1092,neurostep
1093,belgian jazz
1094,medieval rock
1095,macedonian pop
1096,contemporary choir
1097,cool jazz
1098,russian folk rock
1099,swazi pop
1100,south african pop
1101,cello
1102,greek indie
1103,reggae cover
1104,chanson
1105,new mexico music
1106,spanish metal
1107,polynesian pop
1108,azeri pop
1109,psychobilly
1110,italian adult pop
1111,bow pop
1112,indonesian folk pop
1113,electra
1114,classic czech pop
1115,classical guitar
1116,classic praise
1117,shimmer pop
1118,musica andina
1119,guadalajara indie
1120,traditional ska
1121,chalga
1122,mandolin
1123,musica alagoana
1124,dutch hip hop
1125,melodic thrash
1126,musica colombiana instrumental
1127,pop violin
1128,moravian folk
1129,classic j-pop
1130,turkish alternative
1131,modern jazz piano
1132,deep adult standards
1133,calypso
1134,electro swing
1135,p funk
1136,jazz chileno
1137,french punk
1138,singer-songwriter
1139,noise pop
1140,sanfona
1141,metal guitar
1142,classic peruvian pop
1143,neue deutsche harte
1144,ukrainian hip hop
1145,vintage gospel
1146,wave
1147,colombian indie
1148,musica calabrese
1149,musica afroperuana
1150,french classical piano
1151,irish pop
1152,german trap
1153,swedish idol pop
1154,brega funk
1155,swedish garage rock
1156,norwegian americana
1157,psychedelic trance
1158,girl group
1159,irish fiddle
1160,corrido
1161,sesotho pop
1162,freestyle
1163,funk pop
1164,crunk
1165,nu disco
1166,turbo folk
1167,athens indie
1168,brazilian hardcore
1169,coupe-decale
1170,german baroque
1171,dmv rap
1172,mexican pop
1173,african rock
1174,irish gaelic folk
1175,lo-fi
1176,brega
1177,ninja
1178,thrash metal
1179,cowboy western
1180,swedish rock-and-roll
1181,chamber pop
1182,acid house
1183,armenian folk
1184,israeli pop
1185,reggae en espanol
1186,indian folk
1187,rap underground mexicano
1188,latin afrobeat
1189,finnish folk
1190,blackened crust
1191,israeli indie
1192,cyber metal
1193,argentine rock
1194,portuguese rock
1195,viral pop
1196,electronica argentina
1197,cocuk masallari
1198,stoner metal
1199,comedy
1200,folclor colombiano
1201,variete francaise
1202,vintage spanish pop
1203,rawstyle
1204,eventyr
1205,german cloud rap
1206,sholawat
1207,bolivian metal
1208,japanese contemporary classical
1209,deep punk rock
1210,rap underground espanol
1211,mexican rock-and-roll
1212,uk worship
1213,australian psych
1214,gothenburg indie
1215,israeli mediterranean
1216,chill guitar
1217,funky house
1218,slovak electronic
1219,indie garage rock
1220,nashville indie
1221,old school uk hip hop
1222,swedish post-punk
1223,classic azeri pop
1224,coldwave
1225,indie emo
1226,thai idol
1227,oud
1228,screamo
1229,musica yucateca
1230,deep house
1231,indie pop
1232,shibuya-kei
1233,math rock
1234,ukrainian choir
1235,classical baritone
1236,polish classical
1237,taiwan idol pop
1238,pianissimo
1239,atl hip hop
1240,nashville sound
1241,dubsteppe
1242,progressive metal
1243,japanese r&b
1244,waiata mo tamariki
1245,yiddish folk
1246,son cubano
1247,irish banjo
1248,american folk revival
1249,dutch rap pop
1250,scandinavian r&b
1251,samba moderno
1252,french metal
1253,darbuka
1254,texas latin rap
1255,russian indie
1256,latin hip hop
1257,ska mexicano
1258,batak
1259,modern southern rock
1260,vapor soul
1261,finnish dance pop
1262,singaporean hip hop
1263,anarcho-punk
1264,jewish pop
1265,norwegian hip hop
1266,cantonese worship
1267,brighton indie
1268,synth funk
1269,progressive uplifting trance
1270,rap rock
1271,funana
1272,new jack swing
1273,tropicalia
1274,eurovision
1275,rock goiano
1276,deep christian rock
1277,jazz brass
1278,tempe indie
1279,nova musica paulista
1280,lo star
1281,regional mexican
1282,gypsy
1283,dream pop
1284,trap peruano
1285,rogaland indie
1286,japanese rockabilly
1287,swiss hip hop
1288,spanish reggae
1289,hong kong rock
1290,turkish reggae
1291,folk brasileiro
1292,pokemon
1293,dainuojamoji poezija
1294,russian heavy metal
1295,lithuanian edm
1296,basshall
1297,frenchcore
1298,icelandic experimental
1299,classical trumpet
1300,welsh metal
1301,argentine punk
1302,cali rap
1303,reggaeton colombiano
1304,early reggae
1305,euskal musica
1306,violao
1307,rap inde
1308,ambient pop
1309,brass band
1310,oakland hip hop
1311,north carolina metal
1312,okinawan pop
1313,ritmo kombina
1314,reggae tico
1315,gaita zuliana
1316,morna
1317,arpa paraguaya
1318,nz christian
1319,ebm
1320,afropop
1321,gospel
1322,crossover thrash
1323,french synthpop
1324,japanese dream pop
1325,brazilian punk
1326,italian orchestra
1327,classic french pop
1328,anthem worship
1329,russian punk
1330,tuna
1331,nashville singer-songwriter
1332,nwothm
1333,instrumental surf
1334,indonesian edm
1335,classic anime
1336,action rock
1337,harmonica jazz
1338,australian ska
1339,folk metal
1340,highlife
1341,french shoegaze
1342,christian hardcore
1343,bangla
1344,zim urban groove
1345,downtempo
1346,roots americana
1347,chilean rock
1348,nu gaze
1349,song poem
1350,british brass band
1351,classic portuguese pop
1352,brazilian classical piano
1353,russian dance pop
1354,classic swedish pop
1355,ska chileno
1356,pop lgbtq+ brasileira
1357,spanish modern rock
1358,opera metal
1359,punk blues
1360,neofolk
1361,breton folk
1362,swiss black metal
1363,blues latinoamericano
1364,icelandic rock
1365,indian fusion
1366,polish contemporary classical
1367,phleng phuea chiwit
1368,christian punk
1369,mexican rock
1370,finnish black metal
1371,taiwan singer-songwriter
1372,rock keyboard
1373,cubaton
1374,new jersey indie
1375,brazilian rock
1376,appalachian folk
1377,boeremusiek
1378,neoclassicism
1379,turkish trap pop
1380,popping
1381,australian jazz
1382,rap algerien
1383,folk
1384,brazilian gospel
1385,indonesian hardcore
1386,folk-pop
1387,dangdut
1388,kolsche karneval
1389,disney italiano
1390,ska revival
1391,blaskapelle
1392,uk house
1393,post-metal
1394,gospel r&b
1395,protopunk
1396,british death metal
1397,russian classical piano
1398,brazilian ccm
1399,acousmatic
1400,italian soundtrack
1401,japanese jazz fusion
1402,classic rock
1403,trip hop
1404,french tech house
1405,narodna muzika
1406,electro jazz
1407,indian rock
1408,cumbia santafesina
1409,folklore ecuatoriano
1410,salsa
1411,swedish jazz orkester
1412,deep groove house
1413,ilocano pop
1414,auckland indie
1415,dutch trance
1416,horror punk
1417,polish techno
1418,minimal techno
1419,trot
1420,szanty
1421,edmonton indie
1422,indie boliviano
1423,taiwan indie
1424,psalmen
1425,german techno
1426,taiwan hip hop
1427,serialism
1428,clean comedy
1429,mande pop
1430,italian underground hip hop
1431,funk metal
1432,classic house
1433,classic tollywood
1434,turkish soundtrack
1435,accordion
1436,talent show
1437,indie anthem-folk
1438,romanian rock
1439,flute rock
1440,german classical piano
1441,rap metal espanol
1442,bulgarian hip hop
1443,malaysian punk
1444,tagalog worship
1445,papuri
1446,russian indie rock
1447,argentine hip hop
1448,transpop
1449,vintage norwegian pop
1450,malaysian pop
1451,folkmusik
1452,batidao romantico
1453,louisville underground
1454,japanese classical
1455,florida death metal
1456,ska jazz
1457,swiss indie
1458,electric blues
1459,french renaissance
1460,panamanian rock
1461,medieval ensemble
1462,musica sarda
1463,american contemporary classical
1464,hawaiian
1465,albanian hip hop
1466,classic pakistani pop
1467,mgp
1468,bolivian rock
1469,swedish power metal
1470,welsh folk
1471,indonesian pop
1472,vancouver indie
1473,northwest china indie
1474,rap
1475,deep norteno
1476,viola da gamba
1477,mexican hip hop
1478,world fusion
1479,brazilian edm
1480,danish punk
1481,chinderlieder
1482,piano rock
1483,xinyao
1484,new americana
1485,post-black metal
1486,baroque ensemble
1487,pinoy rock
1488,indie rock
1489,glitch
1490,tuna estudiantil
1491,electro-industrial
1492,classic greek pop
1493,funk paulista
1494,french post-punk
1495,oberkrainer
1496,classic kollywood
1497,world
1498,drill espanol
1499,musica valenciana
1500,cologne indie
1501,finnish melodeath
1502,laiko
1503,funeral doom
1504,irish indie rock
1505,electro latino
1506,latin worship
1507,danish choir
1508,iskelma
1509,japanese garage rock
1510,chinese soundtrack
1511,intelligent dance music
1512,yugoslav new wave
1513,french dub
1514,mellow gold
1515,german power metal
1516,modern alternative rock
1517,german soundtrack
1518,latin talent show
1519,bard
1520,australian alternative rock
1521,kleinkunst
1522,nuevo regional mexicano
1523,belgian hip hop
1524,norske viser
1525,deutsch disney
1526,slowcore
1527,canadian classical piano
1528,madchester
1529,dark electro
1530,sleaze rock
1531,dancehall
1532,funk das antigas
1533,zouglou
1534,polish blues
1535,bush ballad
1536,opera
1537,oklahoma country
1538,salsa choke
1539,rumba catalana
1540,christian a cappella
1541,musica crista reformada
1542,turkish modern jazz
1543,brass ensemble
1544,turkish instrumental
1545,azonto
1546,hardingfele
1547,rhythm and blues
1548,indie catala
1549,ye ye
1550,portland indie
1551,cosmic american
1552,bachata
1553,german reggae
1554,malayalam worship
1555,romanian indie
1556,limerick indie
1557,visual kei
1558,dance rock
1559,drill francais
1560,disco polo
1561,malaysian hip hop
1562,indie poptimism
1563,norwegian country
1564,chinese viral pop
1565,hawaiian hip hop
1566,oulu metal
1567,australian alternative pop
1568,spiritual hip hop
1569,classical bass
1570,lithuanian hip hop
1571,austrian indie
1572,classic konkani pop
1573,uk post-punk
1574,rock drums
1575,german dance
1576,orkney and shetland folk
1577,twee pop
1578,queens hip hop
1579,military rap
1580,russian pop punk
1581,french indietronica
1582,yoik
1583,australian rock
1584,marimba orquesta
1585,finnish tango
1586,taiwan instrumental
1587,nigerian pop
1588,german pop
1589,big band
1590,cante flamenco
1591,french romanticism
1592,azontobeats
1593,rock cristiano
1594,folklore boliviano
1595,swedish reggae
1596,north carolina hip hop
1597,movie tunes
1598,japanese vocal jazz
1599,polish trap
1600,odia bhajan
1601,classic garage rock
1602,austrian pop
1603,messianic praise
1604,background music
1605,rap baixada fluminense
1606,french oi
1607,classic malaysian pop
1608,marimba de guatemala
1609,afro dancehall
1610,musique guadeloupe
1611,dembow
1612,perreo
1613,nueva cancion
1614,modern power pop
1615,pop quebecois
1616,chinese electropop
1617,ecuadorian pop
1618,malaysian mandopop
1619,chilean indie
1620,rai
1621,frankfurt electronic
1622,pop venezolano
1623,hong kong hip hop
1624,bomba y plena
1625,orthodox chant
1626,late romantic era
1627,historical keyboard
1628,library music
1629,lovers rock
1630,rap metal
1631,norges stemme
1632,emo mexicano
1633,swedish prog
1634,icelandic hip hop
1635,speedrun
1636,christian pop
1637,christian indie
1638,samba-rock
1639,gypsy jazz
1640,turkish metal
1641,modern salsa
1642,wrestling
1643,indiana hip hop
1644,french reggae
1645,nordic orchestra
1646,filmi
1647,austro-german modernism
1648,indonesian r&b
1649,estonian rock
1650,neo-psychedelic
1651,spanish prog
1652,bubblegum dance
1653,mambo chileno
1654,rock en asturiano
1655,jazz
1656,country quebecois
1657,japanese ska
1658,lullaby
1659,thai rock
1660,reunion pop
1661,kannada bhava geethe
1662,sega
1663,samba reggae
1664,children's music
1665,new age piano
1666,balkan classical piano
1667,tone
1668,cha-cha-cha
1669,kindie rock
1670,greek trap
1671,argentine hardcore
1672,kwaito
1673,bandinhas
1674,british grindcore
1675,danish pop rock
1676,sheilat
1677,houston rap
1678,zouk riddim
1679,bhojpuri pop
1680,latin metal
1681,deep german hip hop
1682,marathi pop
1683,british singer-songwriter
1684,blues-rock guitar
1685,trap latino
1686,discofox
1687,indonesian folk
1688,gaian doom
1689,danspunk
1690,finnish choir
1691,portuguese jazz
1692,islamic recitation
1693,pakistani folk
1694,speed garage
1695,cosmic uplifting trance
1696,exotica
1697,shabad
1698,azeri rap
1699,japanese indie rock
1700,electronic rock
1701,punk melodico chileno
1702,african-american classical
1703,indie pop rap
1704,french opera
1705,dance-punk
1706,latin alternative
1707,japanese math rock
1708,geek rock
1709,memphis soul
1710,neo-psicodelia brasileira
1711,acoustic blues
1712,arkansas country
1713,detroit house
1714,chill r&b
1715,ambient house
1716,axe
1717,lithuanian pop
1718,panamanian pop
1719,south carolina hip hop
1720,varmland rock
1721,polish post-rock
1722,bubblegum pop
1723,black 'n' roll
1724,canzone genovese
1725,classic russian rock
1726,rock mineiro
1727,derby indie
1728,ghettotech
1729,italian hip hop
1730,indie fuzzpop
1731,pop chileno
1732,detroit techno
1733,carnaval
1734,finnish idol pop
1735,viral rap
1736,indian instrumental
1737,polish folk
1738,classic bollywood
1739,japanese punk rock
1740,cook islands pop
1741,german opera
1742,folklore paraguayo
1743,rap napoletano
1744,louvor
1745,euskal rock
1746,swiss rock
1747,greek rock
1748,classic persian pop
1749,greek house
1750,indie extremena
1751,sundanese traditional
1752,german drill
1753,ohio hip hop
1754,medieval
1755,boston hip hop
1756,chicha
1757,contemporary gospel
1758,belgian punk
1759,arabic hip hop
1760,gothic symphonic metal
1761,south african pop dance
1762,classic punjabi pop
1763,british orchestra
1764,brass quintet
1765,new orleans rap
1766,early french punk
1767,merengue tipico
1768,argentine ambient
1769,japanese jazz
1770,south african jazz
1771,techno
1772,german alternative rock
1773,jazz flute
1774,trap dominicano
1775,didgeridoo
1776,melodic hardcore
1777,flamenco fusion
1778,york indie
1779,krautrock
1780,new age
1781,psychedelic folk
1782,roots reggae
1783,hokkaido indie
1784,finnish hard rock
1785,tin pan alley
1786,murga
1787,acid jazz
1788,birmingham metal
1789,russian edm
1790,violao classico
1791,british post-rock
1792,country dawn
1793,classic italian pop
1794,rap belge
1795,baroque
1796,operatic pop
1797,finnish pop punk
1798,trap italiana
1799,norwegian gospel
1800,spanish techno
1801,old school thrash
1802,musica per bambini
1803,k-pop boy group
1804,jazz rock
1805,funk ostentacao
1806,iowa indie
1807,space age pop
1808,hardcore techno
1809,leicester indie
1810,polish indie
1811,cumbia paraguaya
1812,deathrock
1813,australian garage punk
1814,icelandic traditional
1815,early music
1816,indonesian indie rock
1817,javanese gamelan
1818,freak folk
1819,trap mexicano
1820,italian baroque
1821,western swing
1822,berlin school
1823,cumbia lagunera
1824,electro dub
1825,italian tech house
1826,festigal
1827,kabyle
1828,classical cello
1829,latin ska
1830,seiyu
1831,enka
1832,classical piano
1833,nl folk
1834,modern enka
1835,danseband
1836,uk alternative hip hop
1837,norwegian black metal
1838,arabic jazz
1839,nova mpb
1840,hauntology
1841,griot
1842,rap boricua
1843,panpipe
1844,tamaulipas rap
1845,belgian edm
1846,strut
1847,folklore uruguayo
1848,deep progressive trance
1849,japanese pop rap
1850,welsh rock
1851,chinese singer-songwriter
1852,mluvene slovo
1853,deep minimal techno
1854,argentine metal
1855,thai metal
1856,classic psychedelic rock
1857,hindi hip hop
1858,kiwi rock
1859,icelandic metal
1860,american romanticism
1861,rock baiano
1862,japanese blues
1863,neo metal
1864,charango
1865,trap metal italiana
1866,indonesian psychedelia
1867,j-division
1868,southeast asian post-rock
1869,spanish indie pop
1870,psychedelic hip hop
1871,classic progressive house
1872,permanent wave
1873,seattle metal
1874,nordnorsk rap
1875,zolo
1876,rock-and-roll
1877,rock gospel brasileiro
1878,bubble trance
1879,bozlak
1880,chicago blues
1881,melodic hard rock
1882,grunge
1883,cimbalova muzika
1884,nasheed
1885,zespol dzieciecy
1886,dutch metal
1887,uk dnb
1888,alternative pop rock
1889,bohemian baroque
1890,new jersey punk
1891,neon pop punk
1892,disney norsk
1893,sufi
1894,dutch americana
1895,malay rap
1896,gbvfi
1897,outlaw country
1898,traditional blues
1899,smooth jazz
1900,dansband
1901,progressive post-hardcore
1902,country boogie
1903,autonomous black metal
1904,pasodobles
1905,alt z
1906,bhangra
1907,mississippi hip hop
1908,canadian old school hip hop
1909,latin house
1910,musik anak-anak
1911,danish jazz
1912,rap uruguayo
1913,turkish classical performance
1914,italian tenor
1915,kawaii metal
1916,ilahiler
1917,cumbia ecuatoriana
1918,samba de roda
1919,icelandic jazz
1920,future house
1921,nu metal
1922,punk galego
1923,instrumental grime
1924,hungarian rock
1925,greek punk
1926,shoegaze
1927,british soundtrack
1928,soundtrack
1929,christian alternative rock
1930,reggae mexicano
1931,instrumental soul
1932,russian alt pop
1933,polish metal
1934,brazilian thrash metal
1935,art rock
1936,seattle hip hop
1937,dark cabaret
1938,nova canco
1939,redneck
1940,danish electronic
1941,anime score
1942,japanese psychedelic
1943,orchestral performance
1944,classic dutch pop
1945,medway sound
1946,southern rock
1947,classic uk pop
1948,emo rap
1949,soft rock
1950,german house
1951,cypriot pop
1952,hands up
1953,modern blues rock
1954,chinese indie rock
1955,brega romantico
1956,classic finnish rock
1957,russian pop
1958,cuban rumba
1959,french death metal
1960,russian chanson
1961,musical advocacy
1962,cologne hip hop
1963,chutney
1964,bossa nova
1965,sad rap
1966,cantopop
1967,tech house
1968,g funk
1969,musique ancienne
1970,bornesange
1971,chicago hardcore
1972,crust punk
1973,accordeon
1974,gothic rock
1975,estonian metal
1976,uilleann pipes
1977,african reggae
1978,romantico
1979,deep new americana
1980,swamp pop
1981,ska espanol
1982,german romanticism
1983,smutny rap
1984,spanish classical piano
1985,persian pop
1986,brill building pop
1987,joropo
1988,russian underground rap
1989,memphis hip hop
1990,banda
1991,calming instrumental
1992,choral
1993,bmore
1994,baltimore indie
1995,assamese pop
1996,japanese disney
1997,morelos indie
1998,post-disco soul
1999,vintage italian soundtrack
2000,dark trap
2001,italian pop rock
2002,german thrash metal
2003,hungarian metal
2004,vietnamese pop
2005,barrelhouse piano
2006,pop
2007,j-rap
2008,la indie
2009,british black metal
2010,swedish psychedelic rock
2011,uk dance
2012,american choir
2013,danish electropop
2014,rautalanka
2015,german indie rock
2016,muzica copii
2017,classic japanese jazz
2018,musica nicaraguense
2019,latin arena pop
2020,telugu devotional
2021,japanese classical piano
2022,virginia metal
2023,dixieland
2024,musikkorps
2025,russian shoegaze
2026,boston rock
2027,hard house
2028,black punk
2029,nisiotika
2030,folklore peruano
2031,uk funky
2032,celtic metal
2033,rumba
2034,musica tradicional dominicana
2035,modern performance
2036,grime
2037,guitarra clasica
2038,j-pop girl group
2039,swiss folk
2040,sierreno
2041,west australian hip hop
2042,mbira
2043,american modern classical
2044,sacramento indie
2045,vintage swedish pop
2046,indie liguria
2047,polish alternative
2048,swedish singer-songwriter
2049,folclore jujeno
2050,celtic punk
2051,hindi indie
2052,rap latina
2053,house
2054,electronic trap
2055,turkish experimental
2056,atmospheric dnb
2057,italian disco
2058,rap calme
2059,indian classical
2060,southern soul
2061,violin
2062,irish hip hop
2063,egyptian pop
2064,experimental rock
2065,pop virale italiano
2066,geek folk
2067,greek psychedelic rock
2068,toronto indie
2069,hungarian hip hop
2070,nu jazz
2071,pinoy metal
2072,makina
2073,old school rap francais
2074,jazz cubano
2075,northern irish punk
2076,swedish underground rap
2077,japanese singer-songwriter
2078,british modern classical
2079,candombe
2080,bboy
2081,emo
2082,polish classical piano
2083,connecticut indie
2084,west coast rap
2085,irish singer-songwriter
2086,electric bass
2087,viking metal
2088,harp
2089,rap chileno
2090,swedish melodic rock
2091,britpop
2092,surf music
2093,musica paraibana
2094,french pop
2095,francoton
2096,jam band
2097,mexican son
2098,magyar mulatos
2099,mpgjr
2100,german orchestra
2101,indonesian jazz
2102,surinamese pop
2103,indonesian viral pop
2104,rome indie
2105,spanish noise pop
2106,progressive trance house
2107,pixie
2108,ukg revival
2109,nyhc
2110,thai pop
2111,sunshine pop
2112,tamborazo
2113,chamame
2114,indie quebecois
2115,indian singer-songwriter
2116,canadian post-hardcore
2117,jazz clarinet
2118,icelandic folk
2119,jazz venezolano
2120,eurodance
2121,nwobhm
2122,anime
2123,lagu timur
2124,vintage italian pop
2125,speedcore
2126,philly rap
2127,indonesian city pop
2128,blues rock
2129,tropical house
2130,icelandic choir
2131,french hip hop
2132,estonian indie
2133,modern ska punk
2134,musica tropical guatemalteca
2135,middle earth
2136,argentine indie
2137,carnatic vocal
2138,thai instrumental
2139,euphoric hardstyle
2140,merengue
2141,latvian hip hop
2142,jovem guarda
2143,progressive groove metal
2144,beach music
2145,dutch drill
2146,russian punk rock
2147,acoustic rock
2148,indie veneto
2149,japanese alternative pop
2150,tennessee hip hop
2151,turkish electronic
2152,quiet storm
2153,tamil pop
2154,power blues-rock
2155,indonesian blues
2156,rap cristiano
2157,dub poetry
2158,canadian latin
2159,finnish metal
2160,soca
2161,art pop
2162,adoracao
2163,swedish synthpop
2164,seinen
2165,pop nacional
2166,experimental
2167,hindustani vocal
2168,chaabi algerien
2169,musica llanera
2170,pagode novo
2171,traditional folk
2172,austin singer-songwriter
2173,hurdy-gurdy
2174,indonesian indie
2175,historic classical performance
2176,modern hard rock
2177,trap soul
2178,christian music
2179,rap df
2180,latinx alternative
2181,italian ska
2182,trap argentino
2183,chamber psych
2184,electrofox
2185,lo-fi chill
2186,turkish psych
2187,classical mezzo-soprano
2188,experimental hip hop
2189,hong kong indie
2190,folklore panameno
2191,italian new wave
2192,malian blues
2193,baiao
2194,japanese post-hardcore
2195,toronto rap
2196,american classical piano
2197,rock alternatif francais
2198,fado
2199,groove metal
2200,piano blues
2201,ethereal wave
2202,greek guitar
2203,finnish blues
2204,scottish folk
2205,velha guarda
2206,sertanejo
2207,italian post punk
2208,underground power pop
2209,j-pop
2210,harlem hip hop
2211,chicago drill
2212,swedish hip hop
2213,finnish jazz
2214,norwegian contemporary jazz
2215,progressive house
2216,chunchaca
2217,dub
2218,finnish alternative rock
2219,balkan trap
2220,musica costena
2221,lo-fi indie
2222,musica popular colombiana
2223,trap
2224,trash rock
2225,spanish new wave
2226,rosary
2227,neo soul
2228,polish synthpop
2229,healing
2230,cuento infantile
2231,classical contralto
2232,tamil devotional
2233,grebo
2234,latvian indie
2235,afrofuturismo brasileiro
2236,uk americana
2237,american primitive
2238,electropop
2239,lithuanian rock
2240,vlaamse rap
2241,vallenato
2242,musica de fondo
2243,bolero cubano
2244,vocal trance
2245,louisiana blues
2246,rock uruguayo
2247,nyc rap
2248,reading indie
2249,kurdish folk
2250,chillhop
2251,deep disco house
2252,shred
2253,trova
2254,classic soul
2255,ska argentino
2256,bossa nova jazz
2257,trap carioca
2258,oshare kei
2259,australian trap
2260,deathrash
2261,korean pop
2262,viola caipira
2263,musica popular mineira
2264,northern soul
2265,adult standards
2266,schweizer rap
2267,indian indie
2268,chicano rap
2269,polish electronica
2270,jazz trio
2271,medieval folk
2272,gamelan
2273,semarang indie
2274,timba
2275,canzone napoletana
2276,turkish alternative rock
2277,glitch hop
2278,swedish blues
2279,canti alpini
2280,desi pop
2281,neo-progressive
2282,qawwali
2283,jungle
2284,canadian pop punk
2285,broken beat
2286,manele
2287,jangle pop
2288,dunedin sound
2289,sitar
2290,epic doom
2291,chanson virale
2292,russelater
2293,pop catracho
2294,cantautor catala
2295,tolkien metal
2296,sami
2297,swedish eurodance
2298,svensk lovsang
2299,puerto rican pop
2300,brazilian house
2301,j-idol
2302,nz metal
2303,connecticut hardcore
2304,aussie drill
2305,swedish rockabilly
2306,chamber choir
2307,yugoslav rock
2308,peruvian indie
2309,avant-garde jazz
2310,gothenburg metal
2311,salsa international
2312,birmingham grime
2313,antideutsche
2314,classic norwegian pop
2315,taiwan pop
2316,urban contemporary
2317,jazz vibraphone
2318,turntablism
2319,brazilian punk rock
2320,noise rock
2321,cumbia ranchera
2322,classic nz pop
2323,desi trap
2324,turkish punk
2325,italo dance
2326,classic girl group
2327,musique pour enfant quebecois
2328,piano mpb
2329,australian underground hip hop
2330,finnish pop
2331,j-reggae
2332,bornehistorier
2333,albuquerque indie
2334,country rap
2335,string orchestra
2336,glee club
2337,scandipop
2338,jazz blues
2339,industrial
2340,dark post-punk
2341,slayer
2342,texas country
2343,rock andaluz
2344,rif
2345,street punk espanol
2346,arab pop
2347,austropop
2348,country road
2349,brutal death metal
2350,finnish soul
2351,indonesian idol pop
2352,greek clarinet
2353,kentucky roots
2354,deep dubstep
2355,new england americana
2356,j-pop boy group
2357,pop punk
2358,pagode baiano
2359,swiss classical piano
2360,turkce trap metal
2361,gangster rap
2362,jazz drums
2363,british experimental
2364,bergen indie
2365,czech metal
2366,alternative dance
2367,chicago soul
2368,british classical piano
2369,chinese r&b
2370,melodic metalcore
2371,latin christian
2372,easy listening
2373,marching band
2374,japanese folk
2375,world chill
2376,turkish singer-songwriter
2377,afrobeat
2378,texas blues
2379,musica lombarda
2380,hip hop quebecois
2381,wyoming roots
2382,latvian folk
2383,gruperas inmortales
2384,jazz funk
2385,sophisti-pop
2386,carnatic instrumental
2387,minimalism
2388,russian metal
2389,reggaeton
2390,classic soundtrack
2391,german singer-songwriter
2392,taiwan punk
2393,thai folk pop
2394,latin viral pop
2395,afro soul
2396,tabla
2397,post-doom metal
2398,polish alternative rap
2399,hard rock
2400,black metal
2401,irish folk
2402,disney portugues brasil
2403,dutch classical piano
2404,power metal
2405,trikiti
2406,second line
2407,big beat
2408,komedi
2409,alabama indie
2410,finnish progressive rock
2411,folklore argentino
2412,electro house
2413,novelty
2414,historically informed performance
2415,organic house
2416,british blues
2417,southern hip hop
2418,mizrahi
2419,big room
2420,new french touch
2421,j-punk
2422,christian rock
2423,persian traditional
2424,vapor pop
2425,hamburg electronic
2426,hardcore
2427,cocuk sarkilari
2428,tech trance
2429,k-rap
2430,classic k-pop
2431,barnmusik
2432,kabarett
2433,mundart
2434,finnish heavy metal
2435,latin funk
2436,vintage chinese pop
2437,tipico
2438,idol rock
2439,classic city pop
2440,italian romanticism
2441,sandalwood
2442,deep talent show
2443,psychedelic soul
2444,ensemble stars
2445,zouk
2446,reggae tuga
2447,canadian rock
2448,partyschlager
2449,dutch pop
2450,pub rock
2451,drone
2452,jewish hip hop
2453,salsa puertorriquena
2454,suomirap
2455,mariachi cristiano
2456,german ska
2457,pinoy hip hop
2458,campursari
2459,trap brasileiro
2460,dansk lovsang
2461,russian rock
2462,avant-garde
2463,histoire pour enfants
2464,metal colombiano
2465,cumbia
2466,ostrock
2467,rap montrealais
2468,christmas instrumental
2469,swedish country
2470,uk rockabilly
2471,tribal house
2472,brazilian power metal
2473,folclore santiagueno
2474,vancouver punk
2475,brooklyn drill
2476,city pop
2477,nigerian hip hop
2478,greek underground rap
2479,slovak hip hop
2480,thai indie rock
2481,classic colombian pop
2482,post-punk argentina
2483,slovak rock
2484,classic j-rock
2485,dabke
2486,vintage jazz
2487,dungeon synth
2488,cumbia sonidera
2489,australian talent show
2490,chicago house
2491,polyphony
2492,korean classical performance
2493,cumbia villera
2494,tropical
2495,soul jazz
2496,bal-musette
2497,vocal jazz
2498,space rock
2499,new weird america
2500,humppa
2501,afro house
2502,euroska
2503,progressive electro house
2504,nordic classical piano
2505,gothabilly
2506,no wave
2507,power thrash
2508,garage rock revival
2509,galician rock
2510,kompa
2511,schlager
2512,industrial hip hop
2513,christlicher rap
2514,skansk musik
2515,classical horn
2516,braindance
2517,swedish contemporary classical
2518,trap queen
2519,belgian indie
2520,danish singer-songwriter
2521,czech folk
2522,rkt
2523,reggae rock
2524,zillertal
2525,cumbia surena
2526,romanian electronic
2527,glitchcore
2528,beat italiano
2529,pop rap brasileiro
2530,rabindra sangeet
2531,viking black metal
2532,dusseldorf electronic
2533,reggaeton mexicano
2534,cumbia chilena
2535,hip house
2536,danish hip hop
2537,finnish death metal
2538,thrash core
2539,sotalaulut
2540,svensk progg
2541,indietronica
2542,irish rock
2543,afroswing
2544,r&b italiano
2545,melodic death metal
2546,polish hardcore
2547,jazz quartet
2548,austrian choir
2549,modern swing
2550,deep soundtrack
2551,jazz piano
2552,musica ayacuchana
2553,folclore tucumano
2554,scottish rock
2555,shakuhachi
2556,swancore
2557,boogie-woogie
2558,manchester hip hop
2559,german hard rock
2560,neo classical metal
2561,musica portuguesa contemporanea
2562,hangoskonyvek
2563,bolero mexicano
2564,swiss alternative rock
2565,art song
2566,sertanejo pop
2567,banda carnavalera
2568,german underground rap
2569,groove room
2570,christian metal
2571,nu skool breaks
2572,musica popular uruguaya
2573,russian drill
2574,riddim
2575,musica canaria
2576,brooklyn indie
2577,japanese post-punk
2578,munich indie
2579,muzica populara
2580,synthetic classical
2581,indie folk
2582,belarusian rock
2583,austrian orchestra
2584,arabesk
2585,vlaamse cabaret
2586,classical soprano
2587,israeli folk
2588,polish punk
2589,neo-singer-songwriter
2590,pinoy trap
2591,british jazz
2592,funk
2593,adoracion
2594,livetronica
2595,atmospheric doom
2596,icelandic pop
2597,finnish new wave
2598,folklore chileno
2599,gauze pop
2600,delta blues
2601,nashville hip hop
2602,swing
2603,norwegian indie
2604,deep contemporary country
2605,preschool children's music
2606,ambient folk
2607,kizomba
2608,odia pop
2609,finnish power metal
2610,steelpan
2611,nottingham indie
2612,belarusian hip hop
2613,deep turkish pop
2614,dessin anime
2615,technical groove metal
2616,hungarian underground rap
2617,r&b argentino
2618,german pop rock
2619,minimal tech house
2620,tampa indie
2621,complextro
2622,uk reggae
2623,classic canadian rock
2624,finnish modern jazz
2625,glam metal
2626,french rock
2627,jawaiian
2628,israeli singer-songwriter
2629,west african jazz
2630,contemporary jazz
2631,mexican classic rock
2632,latin viral rap
2633,indie electropop
2634,bass house
2635,glitch pop
2636,indonesian pop punk
2637,shiver pop
2638,swedish dancehall
2639,winnipeg hip hop
2640,cantonese opera
2641,pinoy indie
2642,pop house
2643,chanson quebecois
2644,adventista
2645,bhajan
2646,traditional rockabilly
2647,k-indie
2648,irish flute
2649,duranguense
2650,italian bass
2651,jazzy dnb
2652,spanish pop rock
2653,rock progressif francais
2654,puerto rican rock
2655,nordnorsk musikk
2656,dutch trap
2657,rap romantico
2658,smooth saxophone
2659,karadeniz pop
2660,turkish classical
2661,indian violin
2662,japanese shoegaze
2663,indie surf
2664,singaporean mandopop
2665,israeli hip hop
2666,pinoy r&b
2667,modern dream pop
2668,romanian trap
2669,swiss pop
2670,j-poprock
2671,pittsburgh rock
2672,soul
2673,arab groove
2674,canzone d'autore
2675,float house
2676,brazilian bass
2677,nz hip hop
2678,hip hop tuga
2679,karneval
2680,italian metal
2681,cantaditas
2682,capoeira
2683,classic bhangra
2684,belgian singer-songwriter
2685,british electroacoustic
2686,mambo
2687,string band
2688,ukrainian folk
2689,swedish trap pop
2690,bakersfield sound
2691,bernu dziesmas
2692,europop
2693,vietnamese bolero
2694,reggaeton cristiano
2695,balkan hip hop
2696,dutch indie
2697,sevdah
2698,sleep
2699,uk tech house
2700,swiss reggae
2701,tahitian
2702,cyberpunk
2703,neo-trad metal
2704,corridos cristianos
2705,hungarian techno
2706,pop rap
2707,world worship
2708,psychedelic folk rock
2709,jumpstyle
2710,vintage chanson
2711,metropopolis
2712,early music choir
2713,musica para criancas
2714,reggaeton chileno
2715,boston folk
2716,pagan black metal
2717,red dirt
2718,hardcore punk
2719,kollywood
2720,a cappella
2721,traditional scottish folk
2722,modern string quartet
2723,garage rock
2724,chant religieux
2725,australian indigenous
2726,nasyid
2727,japanese soul
2728,uk metalcore
2729,nz pop
2730,brit funk
2731,british industrial
2732,idol kayo
2733,kodomo no ongaku
2734,experimental vocal
2735,celtic
2736,post-rock
2737,baglama
2738,historic string quartet
2739,salsa peruana
2740,canadian hip hop
2741,folclor afrocolombiano
2742,dirty texas rap
2743,album rock
2744,metal mineiro
2745,musica para ninos
2746,firenze indie
2747,uk alternative pop
2748,new rave
2749,musiikkia lapsille
2750,estonian hip hop
2751,vintage finnish jazz
2752,malaysian metal
2753,danish techno
2754,thai indie
2755,dangdut remix
2756,entehno
2757,uk hip hop
2758,classical organ
2759,future rock
2760,ulkucu sarkilar
2761,streektaal
2762,hindustani instrumental
2763,rebetiko
2764,k-pop girl group
2765,judaica
2766,argentine heavy metal
2767,tagalog rap
2768,hard alternative
2769,r&b en espanol
2770,lounge
2771,rock steady
2772,vintage swing
2773,classic greek rock
2774,alpine yodeling
2775,kaseko
2776,disco house
2777,folclore navarra
2778,bulgarian pop
2779,spanish rockabilly
2780,jazz pop
2781,classical tenor
2782,guatemalan metal
2783,carnaval limburg
2784,melodic metal
2785,musica catalana
2786,kingston on indie
2787,straight edge
2788,punk tuga
2789,rap tuga underground
2790,chilean hardcore
2791,finnish reggae
2792,lebanese pop
2793,yodeling
2794,pop dance
2795,russian grime
2796,supergroup
2797,japanese vgm
2798,tango cancion
2799,mandopop
2800,greek contemporary classical
2801,detski pesnichki
2802,c-pop
2803,rap conciencia
2804,veracruz indie
2805,mpb
2806,contemporary post-bop
2807,swedish indie rock
2808,trondersk musikk
2809,lo-fi cover
2810,vintage dutch pop
2811,jazz tico
2812,cinematic post-rock
2813,pinoy idol pop
2814,disco
2815,underground hip hop
2816,progressive psytrance
2817,synthpop
2818,scottish singer-songwriter
2819,rock gaucho
2820,deep classic garage rock
2821,faroese pop
2822,belarusian pop
2823,cancion melodica
2824,vintage tango
2825,naija worship
2826,mbalax
2827,ectofolk
2828,musica angolana
2829,metalcore
2830,jazz organ
2831,microhouse
2832,haitian traditional
2833,swedish classical
2834,ruta destroy
2835,pop edm
2836,country blues
2837,canadian pop
2838,japanese old school hip hop
2839,finnish electronic
2840,gymcore
2841,ann arbor indie
2842,latin rock
2843,etherpop
2844,uptempo hardcore
2845,canadian electronic
2846,neo kyma
2847,finnish classical
2848,turkish folk
2849,hyphy
2850,hungarian pop
2851,straight-ahead jazz
2852,deep southern trap
2853,romanian folk
2854,synthwave
2855,hardstyle
2856,norwegian jazz
2857,neo-classical
2858,arab folk
2859,swedish metal
2860,jump up
2861,canadian children's music
2862,finnish edm
2863,kansas city hip hop
2864,czech rock
2865,maskandi
2866,colombian pop
2867,panamanian indie
2868,irish classical
2869,nouvelle chanson francaise
2870,nueva trova chilena
2871,spanish classical
2872,early modern classical
2873,vocal house
2874,chinese jazz
2875,dangdut koplo
2876,harmonica blues
2877,hard bop
2878,russian reggae
2879,brazilian post-hardcore
2880,dark rock
2881,comptine
2882,estonian electronic
2883,orquesta tipica
2884,champeta
2885,manila sound
2886,classic indo pop
2887,kurdish rock
2888,lithuanian indie
2889,melancholia
2890,electro-pop francais
2891,deep latin alternative
2892,filter house
2893,classic belgian pop
2894,flemish folk
2895,london rap
2896,russian electronic
2897,latin american classical piano
2898,old west
2899,polish jazz
2900,old school hip hop
2901,outsider
2902,pop reggaeton
2903,spanish rock
2904,palm desert scene
2905,punk colombiano
2906,trap funk
2907,punk urbano
2908,indonesian post-hardcore
2909,roots worship
2910,punk 'n' roll
2911,canterbury scene
2912,nuevo flamenco
2913,macross
2914,murcia indie
2915,vocaloid
2916,gregorian chant
2917,new jersey rap
2918,j-rock
2919,pop romantico
2920,punjabi hip hop
2921,melbourne bounce international
2922,focus
2923,piseiro
2924,dark wave
2925,drill
2926,tango
2927,nordic house
2928,new wave
2929,pakistani pop
2930,galego
2931,russian romanticism
2932,musica aragonesa
2933,peruvian hip hop
2934,tamil hip hop
2935,hungarian folk
2936,bruneian pop
2937,black thrash
2938,pinoy singer-songwriter
2939,rock alternativo brasileiro
2940,hi-nrg
2941,icelandic electronic
2942,meditation
2943,cumbia uruguaya
2944,danish post-punk
2945,indie rock italiano
2946,full on
2947,bajki
2948,country pop
2949,sungura
2950,atmospheric black metal
2951,macedonian folk
2952,kalmar indie
2953,doom metal
2954,indie tico
2955,australian r&b
2956,instrumental bluegrass
2957,ecuadorian indie
2958,german trance
2959,future bass
2960,darkstep
2961,malayalam pop
2962,icelandic indie
2963,english baroque
2964,jump blues
2965,uk drill
2966,futurepop
2967,hangpan
2968,philly soul
2969,venezuelan rock
2970,chanson paillarde
2971,lds youth
2972,russian nu metal
2973,brazilian progressive metal
2974,south african house
2975,south african hip hop
2976,early music ensemble
2977,swedish trap
2978,paidika tragoudia
2979,peruvian rock
2980,worship
2981,bayerischer rap
2982,kolkata indie
2983,latin soundtrack
2984,baroque singing
2985,tennessee experimental
2986,rogaland musikk
2987,zydeco
2988,soul blues
2989,mod revival
2990,baroque violin
2991,classic mandopop
2992,guidance
2993,australian singer-songwriter
2994,jazz orchestra
2995,brazilian hip hop
2996,gothic metal
2997,mexican pop punk
2998,spanish pop
2999,hungarian classical performance
3000,us power metal
3001,russian trance
3002,classic arab pop
3003,bulgarian rock
3004,canadian singer-songwriter
3005,bristol electronic
3006,alternative emo
3007,double drumming
3008,russian synthpop
3009,gospel antigas
3010,funky tech house
3011,detskie pesni
